{
"lengthUnit": "mil",
"components": {
	"fields": ["COMPONENT_NO", "COMPONENT_NAME", "LAYER", "X_COORDINATE", "Y_COORDINATE", "ANGLE"],
	"rows": [
		[1, "BOOT0", "T", 250, 1100, 0],
		[2, "C1", "T", 485, 420, 90],
		[3, "C2", "T", 535, 640, 0],
		[4, "C3", "T", 945, 615, 315],
		[5, "C4", "B", 1195, 695, 225],
		[6, "C9", "T", 1190, 185, 180],
		[7, "C10", "T", 1075, 305, 225],
		[8, "C11", "T", 885, 485, 45],
		[9, "C12", "T", 1540, 995, 0],
		[10, "C13", "B", 1210, 515, 45],
		[11, "C14", "T", 1470, 605, 45],
		[12, "C15", "B", 1635, 510, 135],
		[13, "H1", "T", 615, 1120, 0],
		[14, "H2", "T", 1125, 1120, 0],
		[15, "H4", "T", 1770, 1120, 180],
		[16, "LED1", "T", 335, 345, 0],
		[17, "MODE", "T", 1500, 1105, 0],
		[18, "R1", "T", 335, 240, 180],
		[19, "R9", "B", 665, 1005, 180],
		[20, "R10", "B", 875, 1090, 90],
		[21, "R11", "T", 1330, 185, 0],
		[22, "R12", "T", 1404.32, 995, 180],
		[23, "R13", "B", 965, 675, 225],
		[24, "R14", "B", 1585, 465, 315],
		[25, "R15", "B", 1415, 295, 315],
		[26, "REST", "T", 1230, 80, 180],
		[27, "U1", "B", 1500, 370, 135],
		[28, "U2", "T", 610, 510, 0],
		[29, "U3", "T", 330, 455, 0],
		[30, "U4", "T", 1220, 590.55, 315],
		[31, "USB1", "T", 145, 590.55, 270],
		[32, "X1", "T", 985, 390, 315]
	]
},
"pins": {
	"fields": ["PIN_NO", "PIN_NAME", "PIN_X", "PIN_Y", "LAYER", "PIN_TYPE", "NET_NAME", "NET_TYPE", "PAD_SHAPE", "PAD_SIZEX", "PAD_SIZEY", "HOLE_SIZE", "PAD_ANGLE"],
	"rows": [
		[1, "BOOT0_1", 166.34, 1138.39, "T", "SMD", "GND", "GND", "P", 41.34, 51.18, 0, 0],
		[2, "BOOT0_2", 333.66, 1138.39, "T", "SMD", "GND", "GND", "P", 41.34, 51.18, 0, 0],
		[3, "BOOT0_3", 183.06, 1061.61, "T", "SMD", "+3V3", "", "R", 23.62, 47.24, 0, 180],
		[4, "BOOT0_4", 316.92, 1061.61, "T", "SMD", "BOOT0", "", "R", 23.62, 47.24, 0, 180],
		[5, "C1_1", 485, 380.63, "T", "SMD", "GND", "GND", "R", 55.51, 53.15, 0, 90],
		[6, "C1_2", 485, 459.37, "T", "SMD", "+5V", "", "R", 55.51, 53.15, 0, 90],
		[7, "C2_1", 495.63, 640, "T", "SMD", "GND", "GND", "R", 55.51, 53.15, 0, 0],
		[8, "C2_2", 574.37, 640, "T", "SMD", "+3V3", "", "R", 55.51, 53.15, 0, 0],
		[9, "C3_1", 925.51, 634.49, "T", "SMD", "+3V3", "", "R", 31.5, 35.43, 0, 315],
		[10, "C3_2", 964.49, 595.51, "T", "SMD", "GND", "GND", "R", 31.5, 35.43, 0, 315],
		[11, "C4_1", 1214.49, 714.49, "B", "SMD", "+3V3", "", "R", 31.5, 35.43, 0, 225],
		[12, "C4_2", 1175.51, 675.51, "B", "SMD", "GND", "GND", "R", 31.5, 35.43, 0, 225],
		[13, "C9_1", 1217.56, 185, "T", "SMD", "NRST", "", "R", 31.5, 35.43, 0, 180],
		[14, "C9_2", 1162.44, 185, "T", "SMD", "GND", "GND", "R", 31.5, 35.43, 0, 180],
		[15, "C10_1", 1094.49, 324.49, "T", "SMD", "OSC_OUT", "", "R", 31.5, 35.43, 0, 225],
		[16, "C10_2", 1055.51, 285.51, "T", "SMD", "GND", "GND", "R", 31.5, 35.43, 0, 225],
		[17, "C11_1", 865.51, 465.51, "T", "SMD", "OSC_IN", "", "R", 31.5, 35.43, 0, 45],
		[18, "C11_2", 904.49, 504.49, "T", "SMD", "GND", "GND", "R", 31.5, 35.43, 0, 45],
		[19, "C12_1", 1512.44, 995, "T", "SMD", "MODE", "", "R", 31.5, 35.43, 0, 0],
		[20, "C12_2", 1567.56, 995, "T", "SMD", "GND", "GND", "R", 31.5, 35.43, 0, 0],
		[21, "C13_1", 1190.51, 495.51, "B", "SMD", "+3V3", "", "R", 31.5, 35.43, 0, 45],
		[22, "C13_2", 1229.49, 534.49, "B", "SMD", "GND", "GND", "R", 31.5, 35.43, 0, 45],
		[23, "C14_1", 1450.51, 585.51, "T", "SMD", "+3V3", "", "R", 31.5, 35.43, 0, 45],
		[24, "C14_2", 1489.49, 624.49, "T", "SMD", "GND", "GND", "R", 31.5, 35.43, 0, 45],
		[25, "C15_1", 1654.49, 490.51, "B", "SMD", "+3V3", "", "R", 31.5, 35.43, 0, 135],
		[26, "C15_2", 1615.51, 529.49, "B", "SMD", "GND", "GND", "R", 31.5, 35.43, 0, 135],
		[27, "H1_1", 465, 1120, "T", "DIP", "GND", "GND", "R", 66.93, 66.93, 43.31, 0],
		[28, "H1_1", 465, 1120, "B", "DIP", "GND", "GND", "R", 66.93, 66.93, 43.31, 0],
		[29, "H1_2", 565, 1120, "T", "DIP", "+3V3", "", "C", 66.93, 66.93, 43.31, 0],
		[30, "H1_2", 565, 1120, "B", "DIP", "+3V3", "", "C", 66.93, 66.93, 43.31, 0],
		[31, "H1_3", 665, 1120, "T", "DIP", "I2C1_SCL", "", "C", 66.93, 66.93, 43.31, 0],
		[32, "H1_3", 665, 1120, "B", "DIP", "I2C1_SCL", "", "C", 66.93, 66.93, 43.31, 0],
		[33, "H1_4", 765, 1120, "T", "DIP", "I2C1_SDA", "", "C", 66.93, 66.93, 43.31, 0],
		[34, "H1_4", 765, 1120, "B", "DIP", "I2C1_SDA", "", "C", 66.93, 66.93, 43.31, 0],
		[35, "H2_1", 975, 1120, "T", "DIP", "+3V3", "", "R", 66.93, 66.93, 43.31, 0],
		[36, "H2_1", 975, 1120, "B", "DIP", "+3V3", "", "R", 66.93, 66.93, 43.31, 0],
		[37, "H2_2", 1075, 1120, "T", "DIP", "GND", "GND", "C", 66.93, 66.93, 43.31, 0],
		[38, "H2_2", 1075, 1120, "B", "DIP", "GND", "GND", "C", 66.93, 66.93, 43.31, 0],
		[39, "H2_3", 1175, 1120, "T", "DIP", "PA14", "", "C", 66.93, 66.93, 43.31, 0],
		[40, "H2_3", 1175, 1120, "B", "DIP", "PA14", "", "C", 66.93, 66.93, 43.31, 0],
		[41, "H2_4", 1275, 1120, "T", "DIP", "PA13", "", "C", 66.93, 66.93, 43.31, 0],
		[42, "H2_4", 1275, 1120, "B", "DIP", "PA13", "", "C", 66.93, 66.93, 43.31, 0],
		[43, "H4_1", 1820, 1120, "T", "DIP", "PA9", "", "R", 78.74, 78.74, 47.24, 180],
		[44, "H4_1", 1820, 1120, "B", "DIP", "PA9", "", "R", 78.74, 78.74, 47.24, 180],
		[45, "H4_2", 1720, 1120, "T", "DIP", "PA10", "", "C", 78.74, 78.74, 47.24, 180],
		[46, "H4_2", 1720, 1120, "B", "DIP", "PA10", "", "C", 78.74, 78.74, 47.24, 180],
		[47, "LED1_1", 376.35, 345, "T", "SMD", "+5V", "", "R", 39.37, 55.1, 0, 180],
		[48, "LED1_2", 293.65, 345, "T", "SMD", "$1N769", "", "R", 39.37, 55.1, 0, 180],
		[49, "MODE_1", 1416.34, 1143.39, "T", "SMD", "GND", "GND", "P", 41.34, 51.18, 0, 0],
		[50, "MODE_2", 1583.66, 1143.39, "T", "SMD", "GND", "GND", "P", 41.34, 51.18, 0, 0],
		[51, "MODE_3", 1433.06, 1066.61, "T", "SMD", "MODE", "", "R", 23.62, 47.24, 0, 180],
		[52, "MODE_4", 1566.92, 1066.61, "T", "SMD", "GND", "GND", "R", 23.62, 47.24, 0, 180],
		[53, "R1_1", 374.37, 240, "T", "SMD", "GND", "GND", "R", 44.59, 54.21, 0, 180],
		[54, "R1_2", 295.63, 240, "T", "SMD", "$1N769", "", "R", 44.59, 54.21, 0, 180],
		[55, "R9_1", 694.66, 1005, "B", "SMD", "I2C1_SCL", "", "R", 31.75, 34.02, 0, 180],
		[56, "R9_2", 635.34, 1005, "B", "SMD", "+3V3", "", "R", 31.75, 34.02, 0, 180],
		[57, "R10_1", 875, 1060.34, "B", "SMD", "+3V3", "", "R", 31.75, 34.02, 0, 90],
		[58, "R10_2", 875, 1119.66, "B", "SMD", "I2C1_SDA", "", "R", 31.75, 34.02, 0, 90],
		[59, "R11_1", 1300.34, 185, "T", "SMD", "NRST", "", "R", 31.75, 34.02, 0, 0],
		[60, "R11_2", 1359.66, 185, "T", "SMD", "+3V3", "", "R", 31.75, 34.02, 0, 0],
		[61, "R12_1", 1433.98, 995, "T", "SMD", "MODE", "", "R", 31.75, 34.02, 0, 180],
		[62, "R12_2", 1374.66, 995, "T", "SMD", "+3V3", "", "R", 31.75, 34.02, 0, 180],
		[63, "R13_1", 985.97, 695.97, "B", "SMD", "BOOT0", "", "R", 31.75, 34.02, 0, 225],
		[64, "R13_2", 944.03, 654.03, "B", "SMD", "GND", "GND", "R", 31.75, 34.02, 0, 225],
		[65, "R14_1", 1564.03, 485.97, "B", "SMD", "I2C2_SDA", "", "R", 31.75, 34.02, 0, 315],
		[66, "R14_2", 1605.97, 444.03, "B", "SMD", "+3V3", "", "R", 31.75, 34.02, 0, 315],
		[67, "R15_1", 1394.03, 315.97, "B", "SMD", "I2C2_SCL", "", "R", 31.75, 34.02, 0, 315],
		[68, "R15_2", 1435.97, 274.03, "B", "SMD", "+3V3", "", "R", 31.75, 34.02, 0, 315],
		[69, "REST_1", 1313.66, 41.62, "T", "SMD", "GND", "GND", "P", 41.34, 51.18, 0, 180],
		[70, "REST_2", 1146.34, 41.62, "T", "SMD", "GND", "GND", "P", 41.34, 51.18, 0, 180],
		[71, "REST_3", 1296.94, 118.39, "T", "SMD", "NRST", "", "R", 23.62, 47.24, 0, 0],
		[72, "REST_4", 1163.08, 118.39, "T", "SMD", "GND", "GND", "R", 23.62, 47.24, 0, 0],
		[73, "U1_1", 1513.98, 436.87, "B", "SMD", "I2C2_SDA", "", "R", 19.68, 29.53, 0, 135],
		[74, "U1_2", 1540.39, 410.39, "B", "SMD", "GND", "GND", "R", 19.68, 29.53, 0, 135],
		[75, "U1_3", 1566.81, 383.92, "B", "SMD", "U1_3", "", "R", 19.68, 29.53, 0, 135],
		[76, "U1_4", 1486.04, 303.15, "B", "SMD", "U1_4", "", "R", 19.68, 29.53, 0, 135],
		[77, "U1_5", 1459.57, 329.57, "B", "SMD", "+3V3", "", "R", 19.68, 29.53, 0, 135],
		[78, "U1_6", 1433.16, 356.06, "B", "SMD", "I2C2_SCL", "", "R", 19.68, 29.53, 0, 135],
		[79, "U1_7", 1499.88, 370.09, "B", "SMD", "GND", "GND", "R", 59.05, 90.55, 0, 45],
		[80, "U2_1", 572.61, 458.82, "T", "SMD", "+5V", "", "R", 24.5, 43.5, 0, 0],
		[81, "U2_2", 609.98, 458.82, "T", "SMD", "GND", "GND", "R", 24.5, 43.5, 0, 0],
		[82, "U2_3", 647.39, 458.82, "T", "SMD", "+5V", "", "R", 24.5, 43.5, 0, 0],
		[83, "U2_4", 647.39, 561.18, "T", "SMD", "U2_4", "", "R", 24.5, 43.5, 0, 0],
		[84, "U2_5", 572.61, 561.18, "T", "SMD", "+3V3", "", "R", 24.5, 43.5, 0, 0],
		[85, "U3_1", 285.02, 455, "T", "SMD", "$1N767", "", "R", 52.56, 59.05, 0, 0],
		[86, "U3_2", 374.98, 455, "T", "SMD", "+5V", "", "R", 52.56, 59.05, 0, 0],
		[87, "U4_1", 1025.13, 548.8, "T", "SMD", "U4_1", "", "O", 10.63, 59.05, 0, 315],
		[88, "U4_2", 1039.05, 534.87, "T", "SMD", "U4_2", "", "O", 10.63, 59.05, 0, 315],
		[89, "U4_3", 1052.97, 520.96, "T", "SMD", "U4_3", "", "O", 10.63, 59.05, 0, 315],
		[90, "U4_4", 1066.89, 507.03, "T", "SMD", "U4_4", "", "O", 10.63, 59.05, 0, 315],
		[91, "U4_5", 1080.81, 493.12, "T", "SMD", "OSC_IN", "", "O", 10.63, 59.05, 0, 315],
		[92, "U4_6", 1094.73, 479.2, "T", "SMD", "OSC_OUT", "", "O", 10.63, 59.05, 0, 315],
		[93, "U4_7", 1108.64, 465.28, "T", "SMD", "NRST", "", "O", 10.63, 59.05, 0, 315],
		[94, "U4_8", 1122.57, 451.36, "T", "SMD", "GND", "GND", "O", 10.63, 59.05, 0, 315],
		[95, "U4_9", 1136.48, 437.44, "T", "SMD", "+3V3", "", "O", 10.63, 59.05, 0, 315],
		[96, "U4_10", 1150.41, 423.52, "T", "SMD", "U4_10", "", "O", 10.63, 59.05, 0, 315],
		[97, "U4_11", 1164.32, 409.6, "T", "SMD", "U4_11", "", "O", 10.63, 59.05, 0, 315],
		[98, "U4_12", 1178.25, 395.68, "T", "SMD", "U4_12", "", "O", 10.63, 59.05, 0, 315],
		[99, "U4_13", 1261.75, 395.68, "T", "SMD", "U4_13", "", "O", 59.05, 10.63, 0, 315],
		[100, "U4_14", 1275.68, 409.6, "T", "SMD", "U4_14", "", "O", 59.05, 10.63, 0, 315],
		[101, "U4_15", 1289.59, 423.52, "T", "SMD", "U4_15", "", "O", 59.05, 10.63, 0, 315],
		[102, "U4_16", 1303.52, 437.44, "T", "SMD", "U4_16", "", "O", 59.05, 10.63, 0, 315],
		[103, "U4_17", 1317.43, 451.36, "T", "SMD", "U4_17", "", "O", 59.05, 10.63, 0, 315],
		[104, "U4_18", 1331.36, 465.28, "T", "SMD", "U4_18", "", "O", 59.05, 10.63, 0, 315],
		[105, "U4_19", 1345.27, 479.2, "T", "SMD", "U4_19", "", "O", 59.05, 10.63, 0, 315],
		[106, "U4_20", 1359.19, 493.12, "T", "SMD", "U4_20", "", "O", 59.05, 10.63, 0, 315],
		[107, "U4_21", 1373.11, 507.03, "T", "SMD", "I2C2_SCL", "", "O", 59.05, 10.63, 0, 315],
		[108, "U4_22", 1387.03, 520.96, "T", "SMD", "I2C2_SDA", "", "O", 59.05, 10.63, 0, 315],
		[109, "U4_23", 1400.95, 534.87, "T", "SMD", "GND", "GND", "O", 59.05, 10.63, 0, 315],
		[110, "U4_24", 1414.87, 548.8, "T", "SMD", "+3V3", "", "O", 59.05, 10.63, 0, 315],
		[111, "U4_25", 1414.87, 632.31, "T", "SMD", "U4_25", "", "O", 10.63, 59.05, 0, 315],
		[112, "U4_26", 1400.95, 646.23, "T", "SMD", "U4_26", "", "O", 10.63, 59.05, 0, 315],
		[113, "U4_27", 1387.03, 660.14, "T", "SMD", "U4_27", "", "O", 10.63, 59.05, 0, 315],
		[114, "U4_28", 1373.11, 674.07, "T", "SMD", "U4_28", "", "O", 10.63, 59.05, 0, 315],
		[115, "U4_29", 1359.19, 687.98, "T", "SMD", "U4_29", "", "O", 10.63, 59.05, 0, 315],
		[116, "U4_30", 1345.27, 701.91, "T", "SMD", "PA9", "", "O", 10.63, 59.05, 0, 315],
		[117, "U4_31", 1331.36, 715.82, "T", "SMD", "PA10", "", "O", 10.63, 59.05, 0, 315],
		[118, "U4_32", 1317.43, 729.75, "T", "SMD", "MODE", "", "O", 10.63, 59.05, 0, 315],
		[119, "U4_33", 1303.52, 743.66, "T", "SMD", "U4_33", "", "O", 10.63, 59.05, 0, 315],
		[120, "U4_34", 1289.59, 757.58, "T", "SMD", "PA13", "", "O", 10.63, 59.05, 0, 315],
		[121, "U4_35", 1275.68, 771.5, "T", "SMD", "GND", "GND", "O", 10.63, 59.05, 0, 315],
		[122, "U4_36", 1261.75, 785.42, "T", "SMD", "+3V3", "", "O", 10.63, 59.05, 0, 315],
		[123, "U4_37", 1178.25, 785.42, "T", "SMD", "PA14", "", "O", 59.05, 10.63, 0, 315],
		[124, "U4_38", 1164.32, 771.5, "T", "SMD", "U4_38", "", "O", 59.05, 10.63, 0, 315],
		[125, "U4_39", 1150.41, 757.58, "T", "SMD", "U4_39", "", "O", 59.05, 10.63, 0, 315],
		[126, "U4_40", 1136.48, 743.66, "T", "SMD", "U4_40", "", "O", 59.05, 10.63, 0, 315],
		[127, "U4_41", 1122.57, 729.75, "T", "SMD", "U4_41", "", "O", 59.05, 10.63, 0, 315],
		[128, "U4_42", 1108.64, 715.82, "T", "SMD", "I2C1_SDA", "", "O", 59.05, 10.63, 0, 315],
		[129, "U4_43", 1094.73, 701.91, "T", "SMD", "I2C1_SCL", "", "O", 59.05, 10.63, 0, 315],
		[130, "U4_44", 1080.81, 687.98, "T", "SMD", "BOOT0", "", "O", 59.05, 10.63, 0, 315],
		[131, "U4_45", 1066.89, 674.07, "T", "SMD", "U4_45", "", "O", 59.05, 10.63, 0, 315],
		[132, "U4_46", 1052.97, 660.14, "T", "SMD", "U4_46", "", "O", 59.05, 10.63, 0, 315],
		[133, "U4_47", 1039.05, 646.23, "T", "SMD", "GND", "GND", "O", 59.05, 10.63, 0, 315],
		[134, "U4_48", 1025.13, 632.31, "T", "SMD", "+3V3", "", "O", 59.05, 10.63, 0, 315],
		[135, "USB1_1", 184.37, 452.76, "T", "DIP", "$1N767", "", "C", 62.99, 62.99, 39.37, 270],
		[136, "USB1_1", 184.37, 452.76, "B", "DIP", "$1N767", "", "C", 62.99, 62.99, 39.37, 270],
		[137, "USB1_2", 184.37, 551.19, "T", "DIP", "USB1_2", "", "C", 62.99, 62.99, 39.37, 270],
		[138, "USB1_2", 184.37, 551.19, "B", "DIP", "USB1_2", "", "C", 62.99, 62.99, 39.37, 270],
		[139, "USB1_3", 184.37, 629.93, "T", "DIP", "USB1_3", "", "C", 62.99, 62.99, 39.37, 270],
		[140, "USB1_3", 184.37, 629.93, "B", "DIP", "USB1_3", "", "C", 62.99, 62.99, 39.37, 270],
		[141, "USB1_4", 184.37, 728.35, "T", "DIP", "GND", "GND", "C", 62.99, 62.99, 39.37, 270],
		[142, "USB1_4", 184.37, 728.35, "B", "DIP", "GND", "GND", "C", 62.99, 62.99, 39.37, 270],
		[143, "USB1_5", 105.63, 820.87, "T", "DIP", "GND", "GND", "O", 78.74, 137.79, 98.42, 270],
		[144, "USB1_5", 105.63, 820.87, "B", "DIP", "GND", "GND", "O", 78.74, 137.79, 98.42, 270],
		[145, "USB1_6", 105.63, 360.24, "T", "DIP", "GND", "GND", "O", 78.74, 137.79, 98.42, 270],
		[146, "USB1_6", 105.63, 360.24, "B", "DIP", "GND", "GND", "O", 78.74, 137.79, 98.42, 270],
		[147, "X1_1", 930.71, 396.96, "T", "SMD", "OSC_IN", "", "R", 55.12, 47.24, 0, 315],
		[148, "X1_2", 991.96, 335.71, "T", "SMD", "GND", "GND", "R", 55.12, 47.24, 0, 315],
		[149, "X1_3", 1039.29, 383.04, "T", "SMD", "OSC_OUT", "", "R", 55.12, 47.24, 0, 315],
		[150, "X1_4", 978.04, 444.29, "T", "SMD", "GND", "GND", "R", 55.12, 47.24, 0, 315]
	]
}
}